{
	"texture_size": [256, 256],
	"textures": {
		"0": "dnd:entity/ankylosaurus"
	},
	"elements": [
		{
			"from": [0.5, 0, -4],
			"to": [16.5, 11.5, 18.5],
			"rotation": {"angle": 22.5, "axis": "x", "origin": [8.5, 3.93334, 4.05]},
			"faces": {
				"north": {"uv": [2.8125, 2.9375, 4.8125, 4.375], "texture": "#0", "tintindex":0},
				"east": {"uv": [0, 2.9375, 2.8125, 4.375], "texture": "#0", "tintindex":0},
				"south": {"uv": [7.625, 2.9375, 9.625, 4.375], "texture": "#0", "tintindex":0},
				"west": {"uv": [4.8125, 2.9375, 7.625, 4.375], "texture": "#0", "tintindex":0},
				"up": {"uv": [4.8125, 2.9375, 2.8125, 0.125], "texture": "#0", "tintindex":0},
				"down": {"uv": [6.8125, 0.125, 4.8125, 2.9375], "texture": "#0", "tintindex":0}
			}
		},
		{
			"from": [4.5, 0.0313, 3.5238],
			"to": [12.5, 7.0313, 14.5238],
			"rotation": {"angle": 22.5, "axis": "x", "origin": [8.5, -35.06666, 4.05]},
			"faces": {
				"north": {"uv": [1.375, 5.75, 2.375, 6.625], "texture": "#0", "tintindex":0},
				"east": {"uv": [0, 5.75, 1.375, 6.625], "texture": "#0", "tintindex":0},
				"south": {"uv": [3.75, 5.75, 4.75, 6.625], "texture": "#0", "tintindex":0},
				"west": {"uv": [2.375, 5.75, 3.75, 6.625], "texture": "#0", "tintindex":0},
				"up": {"uv": [2.375, 5.75, 1.375, 4.375], "texture": "#0", "tintindex":0},
				"down": {"uv": [3.375, 4.375, 2.375, 5.75], "texture": "#0", "tintindex":0}
			}
		},
		{
			"from": [6.5, -0.47446, 3.82504],
			"to": [10.5, 1.52554, 13.32504],
			"rotation": {"angle": 22.5, "axis": "x", "origin": [6.5, -63.2127, 4.99929]},
			"faces": {
				"north": {"uv": [5.9375, 5.5625, 6.4375, 5.8125], "texture": "#0", "tintindex":0},
				"east": {"uv": [4.75, 5.5625, 5.9375, 5.8125], "texture": "#0", "tintindex":0},
				"south": {"uv": [7.625, 5.5625, 8.125, 5.8125], "texture": "#0", "tintindex":0},
				"west": {"uv": [6.4375, 5.5625, 7.625, 5.8125], "texture": "#0", "tintindex":0},
				"up": {"uv": [6.4375, 5.5625, 5.9375, 4.375], "texture": "#0", "tintindex":0},
				"down": {"uv": [6.9375, 4.375, 6.4375, 5.5625], "texture": "#0", "tintindex":0}
			}
		},
		{
			"from": [6, -2.4712, 2.99769],
			"to": [11, 0.5288, 8.99769],
			"rotation": {"angle": 22.5, "axis": "x", "origin": [9, -89.9206, 3.59792]},
			"faces": {
				"north": {"uv": [7.5625, 0.75, 8.1875, 1.125], "texture": "#0", "tintindex":0},
				"east": {"uv": [6.8125, 0.75, 7.5625, 1.125], "texture": "#0", "tintindex":0},
				"south": {"uv": [8.9375, 0.75, 9.5625, 1.125], "texture": "#0", "tintindex":0},
				"west": {"uv": [8.1875, 0.75, 8.9375, 1.125], "texture": "#0", "tintindex":0},
				"up": {"uv": [8.1875, 0.75, 7.5625, 0], "texture": "#0", "tintindex":0},
				"down": {"uv": [8.8125, 0, 8.1875, 0.75], "texture": "#0", "tintindex":0}
			}
		},
		{
			"from": [6, 4.97913, -2.05023],
			"to": [11, 9.47913, 2.94977],
			"rotation": {"angle": 22.5, "axis": "x", "origin": [8.5, 29.93334, 4.05]},
			"faces": {
				"north": {"uv": [4, 5, 4.625, 5.5625], "texture": "#0", "tintindex":0},
				"east": {"uv": [3.375, 5, 4, 5.5625], "texture": "#0", "tintindex":0},
				"south": {"uv": [5.25, 5, 5.875, 5.5625], "texture": "#0", "tintindex":0},
				"west": {"uv": [4.625, 5, 5.25, 5.5625], "texture": "#0", "tintindex":0},
				"up": {"uv": [4.625, 5, 4, 4.375], "texture": "#0", "tintindex":0},
				"down": {"uv": [5.25, 4.375, 4.625, 5], "texture": "#0", "tintindex":0}
			}
		},
		{
			"from": [4.5, 4.13659, 1.2277],
			"to": [12.5, 9.63659, 4.2277],
			"rotation": {"angle": 22.5, "axis": "x", "origin": [8.5, 25.43334, 4.05]},
			"faces": {
				"north": {"uv": [7.1875, 1.5, 8.1875, 2.1875], "texture": "#0", "tintindex":0},
				"east": {"uv": [6.8125, 1.5, 7.1875, 2.1875], "texture": "#0", "tintindex":0},
				"south": {"uv": [8.5625, 1.5, 9.5625, 2.1875], "texture": "#0", "tintindex":0},
				"west": {"uv": [8.1875, 1.5, 8.5625, 2.1875], "texture": "#0", "tintindex":0},
				"up": {"uv": [8.1875, 1.5, 7.1875, 1.125], "texture": "#0", "tintindex":0},
				"down": {"uv": [9.1875, 1.125, 8.1875, 1.5], "texture": "#0", "tintindex":0}
			}
		},
		{
			"from": [5, 8.4374, 10.09931],
			"to": [13, 17.4374, 19.09931],
			"rotation": {"angle": 22.5, "axis": "x", "origin": [9, 85.86667, 0.1]},
			"faces": {
				"north": {"uv": [10.125, 0.5625, 10.625, 1.125], "texture": "#0", "tintindex":0},
				"east": {"uv": [9.5625, 0.5625, 10.125, 1.125], "texture": "#0", "tintindex":0},
				"south": {"uv": [11.1875, 0.5625, 11.6875, 1.125], "texture": "#0", "tintindex":0},
				"west": {"uv": [10.625, 0.5625, 11.1875, 1.125], "texture": "#0", "tintindex":0},
				"up": {"uv": [10.625, 0.5625, 10.125, 0], "texture": "#0", "tintindex":0},
				"down": {"uv": [11.125, 0, 10.625, 0.5625], "texture": "#0", "tintindex":0}
			}
		},
		{
			"from": [3, 15.4374, 18.0993],
			"to": [6, 18.4374, 21.0993],
			"shade": false,
			"rotation": {"angle": 22.5, "axis": "x", "origin": [9, 85.86667, 0.1]},
			"faces": {
				"north": {"uv": [2, 0.1875, 1.8125, 0.375], "texture": "#0", "tintindex":0},
				"east": {"uv": [2.1875, 0.1875, 2, 0.375], "texture": "#0", "tintindex":0},
				"south": {"uv": [2.375, 0.1875, 2.1875, 0.375], "texture": "#0", "tintindex":0},
				"west": {"uv": [1.8125, 0.1875, 1.625, 0.375], "texture": "#0", "tintindex":0},
				"up": {"uv": [1.8125, 0.1875, 2, 0], "texture": "#0", "tintindex":0},
				"down": {"uv": [2, 0, 2.1875, 0.1875], "texture": "#0", "tintindex":0}
			}
		},
		{
			"from": [3, 7.4374, 18.0993],
			"to": [6, 10.4374, 21.0993],
			"shade": false,
			"rotation": {"angle": 22.5, "axis": "x", "origin": [9, 85.86667, 0.1]},
			"faces": {
				"north": {"uv": [2, 0.1875, 1.8125, 0.375], "texture": "#0", "tintindex":0},
				"east": {"uv": [2.1875, 0.1875, 2, 0.375], "texture": "#0", "tintindex":0},
				"south": {"uv": [2.375, 0.1875, 2.1875, 0.375], "texture": "#0", "tintindex":0},
				"west": {"uv": [1.8125, 0.1875, 1.625, 0.375], "texture": "#0", "tintindex":0},
				"up": {"uv": [1.8125, 0.1875, 2, 0], "texture": "#0", "tintindex":0},
				"down": {"uv": [2, 0, 2.1875, 0.1875], "texture": "#0", "tintindex":0}
			}
		},
		{
			"from": [12, 7.4374, 18.0993],
			"to": [15, 10.4374, 21.0993],
			"rotation": {"angle": 22.5, "axis": "x", "origin": [9, 85.86667, 0.1]},
			"faces": {
				"north": {"uv": [1.8125, 0.1875, 2, 0.375], "texture": "#0", "tintindex":0},
				"east": {"uv": [1.625, 0.1875, 1.8125, 0.375], "texture": "#0", "tintindex":0},
				"south": {"uv": [2.1875, 0.1875, 2.375, 0.375], "texture": "#0", "tintindex":0},
				"west": {"uv": [2, 0.1875, 2.1875, 0.375], "texture": "#0", "tintindex":0},
				"up": {"uv": [2, 0.1875, 1.8125, 0], "texture": "#0", "tintindex":0},
				"down": {"uv": [2.1875, 0, 2, 0.1875], "texture": "#0", "tintindex":0}
			}
		},
		{
			"from": [12, 15.4374, 18.0993],
			"to": [15, 18.4374, 21.0993],
			"rotation": {"angle": 22.5, "axis": "x", "origin": [9, 85.86667, 0.1]},
			"faces": {
				"north": {"uv": [1.8125, 0.1875, 2, 0.375], "texture": "#0", "tintindex":0},
				"east": {"uv": [1.625, 0.1875, 1.8125, 0.375], "texture": "#0", "tintindex":0},
				"south": {"uv": [2.1875, 0.1875, 2.375, 0.375], "texture": "#0", "tintindex":0},
				"west": {"uv": [2, 0.1875, 2.1875, 0.375], "texture": "#0", "tintindex":0},
				"up": {"uv": [2, 0.1875, 1.8125, 0], "texture": "#0", "tintindex":0},
				"down": {"uv": [2.1875, 0, 2, 0.1875], "texture": "#0", "tintindex":0}
			}
		},
		{
			"from": [0, -4.5, 11],
			"to": [4.5, 5, 15.5],
			"rotation": {"angle": 22.5, "axis": "x", "origin": [8.5, 3.93334, 4.05]},
			"faces": {
				"north": {"uv": [0.5625, 1.75, 1.125, 2.9375], "texture": "#0", "tintindex":0},
				"east": {"uv": [0, 1.75, 0.5625, 2.9375], "texture": "#0", "tintindex":0},
				"south": {"uv": [1.6875, 1.75, 2.25, 2.9375], "texture": "#0", "tintindex":0},
				"west": {"uv": [1.125, 1.75, 1.6875, 2.9375], "texture": "#0", "tintindex":0},
				"up": {"uv": [1.125, 1.75, 0.5625, 1.1875], "texture": "#0", "tintindex":0},
				"down": {"uv": [1.6875, 1.1875, 1.125, 1.75], "texture": "#0",